disease,medicine_name,medicine_information
Fungal infection,Antifungal Cream,General educational information: Antifungal Cream is commonly referenced in medical literature as a clinical therapeutic agent associated with Fungal infection. Always consult a qualified physician or pharmacist for clinical evaluation and prescription instructions.
Fungal infection,Fluconazole,General educational information: Fluconazole is commonly referenced in medical literature as a clinical therapeutic agent associated with Fungal infection. Always consult a qualified physician or pharmacist for clinical evaluation and prescription instructions.
Fungal infection,Terbinafine,General educational information: Terbinafine is commonly referenced in medical literature as a clinical therapeutic agent associated with Fungal infection. Always consult a qualified physician or pharmacist for clinical evaluation and prescription instructions.
Fungal infection,Clotrimazole,General educational information: Clotrimazole is commonly referenced in medical literature as a clinical therapeutic agent associated with Fungal infection. Always consult a qualified physician or pharmacist for clinical evaluation and prescription instructions.
Fungal infection,Ketoconazole,General educational information: Ketoconazole is commonly referenced in medical literature as a clinical therapeutic agent associated with Fungal infection. Always consult a qualified physician or pharmacist for clinical evaluation and prescription instructions.
Allergy,Antihistamines,General educational information: Antihistamines is commonly referenced in medical literature as a clinical therapeutic agent associated with Allergy. Always consult a qualified physician or pharmacist for clinical evaluation and prescription instructions.
Allergy,Decongestants,General educational information: Decongestants is commonly referenced in medical literature as a clinical therapeutic agent associated with Allergy. Always consult a qualified physician or pharmacist for clinical evaluation and prescription instructions.
Allergy,Epinephrine,General educational information: Epinephrine is commonly referenced in medical literature as a clinical therapeutic agent associated with Allergy. Always consult a qualified physician or pharmacist for clinical evaluation and prescription instructions.
Allergy,Corticosteroids,General educational information: Corticosteroids is commonly referenced in medical literature as a clinical therapeutic agent associated with Allergy. Always consult a qualified physician or pharmacist for clinical evaluation and prescription instructions.
Allergy,Immunotherapy,General educational information: Immunotherapy is commonly referenced in medical literature as a clinical therapeutic agent associated with Allergy. Always consult a qualified physician or pharmacist for clinical evaluation and prescription instructions.
GERD,Proton Pump Inhibitors (PPIs),General educational information: Proton Pump Inhibitors (PPIs) is commonly referenced in medical literature as a clinical therapeutic agent associated with GERD. Always consult a qualified physician or pharmacist for clinical evaluation and prescription instructions.
GERD,H2 Blockers,General educational information: H2 Blockers is commonly referenced in medical literature as a clinical therapeutic agent associated with GERD. Always consult a qualified physician or pharmacist for clinical evaluation and prescription instructions.
GERD,Antacids,General educational information: Antacids is commonly referenced in medical literature as a clinical therapeutic agent associated with GERD. Always consult a qualified physician or pharmacist for clinical evaluation and prescription instructions.
GERD,Prokinetics,General educational information: Prokinetics is commonly referenced in medical literature as a clinical therapeutic agent associated with GERD. Always consult a qualified physician or pharmacist for clinical evaluation and prescription instructions.
GERD,Antibiotics,General educational information: Antibiotics is commonly referenced in medical literature as a clinical therapeutic agent associated with GERD. Always consult a qualified physician or pharmacist for clinical evaluation and prescription instructions.
Chronic cholestasis,Ursodeoxycholic acid,General educational information: Ursodeoxycholic acid is commonly referenced in medical literature as a clinical therapeutic agent associated with Chronic cholestasis. Always consult a qualified physician or pharmacist for clinical evaluation and prescription instructions.
Chronic cholestasis,Cholestyramine,General educational information: Cholestyramine is commonly referenced in medical literature as a clinical therapeutic agent associated with Chronic cholestasis. Always consult a qualified physician or pharmacist for clinical evaluation and prescription instructions.
Chronic cholestasis,Methotrexate,General educational information: Methotrexate is commonly referenced in medical literature as a clinical therapeutic agent associated with Chronic cholestasis. Always consult a qualified physician or pharmacist for clinical evaluation and prescription instructions.
Chronic cholestasis,Corticosteroids,General educational information: Corticosteroids is commonly referenced in medical literature as a clinical therapeutic agent associated with Chronic cholestasis. Always consult a qualified physician or pharmacist for clinical evaluation and prescription instructions.
Chronic cholestasis,Liver transplant,General educational information: Liver transplant is commonly referenced in medical literature as a clinical therapeutic agent associated with Chronic cholestasis. Always consult a qualified physician or pharmacist for clinical evaluation and prescription instructions.
Drug Reaction,Antihistamines,General educational information: Antihistamines is commonly referenced in medical literature as a clinical therapeutic agent associated with Drug Reaction. Always consult a qualified physician or pharmacist for clinical evaluation and prescription instructions.
Drug Reaction,Epinephrine,General educational information: Epinephrine is commonly referenced in medical literature as a clinical therapeutic agent associated with Drug Reaction. Always consult a qualified physician or pharmacist for clinical evaluation and prescription instructions.
Drug Reaction,Corticosteroids,General educational information: Corticosteroids is commonly referenced in medical literature as a clinical therapeutic agent associated with Drug Reaction. Always consult a qualified physician or pharmacist for clinical evaluation and prescription instructions.
Drug Reaction,Antibiotics,General educational information: Antibiotics is commonly referenced in medical literature as a clinical therapeutic agent associated with Drug Reaction. Always consult a qualified physician or pharmacist for clinical evaluation and prescription instructions.
Drug Reaction,Antifungal Cream,General educational information: Antifungal Cream is commonly referenced in medical literature as a clinical therapeutic agent associated with Drug Reaction. Always consult a qualified physician or pharmacist for clinical evaluation and prescription instructions.
Peptic ulcer diseae,Antibiotics,General educational information: Antibiotics is commonly referenced in medical literature as a clinical therapeutic agent associated with Peptic ulcer diseae. Always consult a qualified physician or pharmacist for clinical evaluation and prescription instructions.
Peptic ulcer diseae,Proton Pump Inhibitors (PPIs),General educational information: Proton Pump Inhibitors (PPIs) is commonly referenced in medical literature as a clinical therapeutic agent associated with Peptic ulcer diseae. Always consult a qualified physician or pharmacist for clinical evaluation and prescription instructions.
Peptic ulcer diseae,H2 Blockers,General educational information: H2 Blockers is commonly referenced in medical literature as a clinical therapeutic agent associated with Peptic ulcer diseae. Always consult a qualified physician or pharmacist for clinical evaluation and prescription instructions.
Peptic ulcer diseae,Antacids,General educational information: Antacids is commonly referenced in medical literature as a clinical therapeutic agent associated with Peptic ulcer diseae. Always consult a qualified physician or pharmacist for clinical evaluation and prescription instructions.
Peptic ulcer diseae,Cytoprotective agents,General educational information: Cytoprotective agents is commonly referenced in medical literature as a clinical therapeutic agent associated with Peptic ulcer diseae. Always consult a qualified physician or pharmacist for clinical evaluation and prescription instructions.
AIDS,Antiretroviral drugs,General educational information: Antiretroviral drugs is commonly referenced in medical literature as a clinical therapeutic agent associated with AIDS. Always consult a qualified physician or pharmacist for clinical evaluation and prescription instructions.
AIDS,Protease inhibitors,General educational information: Protease inhibitors is commonly referenced in medical literature as a clinical therapeutic agent associated with AIDS. Always consult a qualified physician or pharmacist for clinical evaluation and prescription instructions.
AIDS,Integrase inhibitors,General educational information: Integrase inhibitors is commonly referenced in medical literature as a clinical therapeutic agent associated with AIDS. Always consult a qualified physician or pharmacist for clinical evaluation and prescription instructions.
AIDS,Entry inhibitors,General educational information: Entry inhibitors is commonly referenced in medical literature as a clinical therapeutic agent associated with AIDS. Always consult a qualified physician or pharmacist for clinical evaluation and prescription instructions.
AIDS,Fusion inhibitors,General educational information: Fusion inhibitors is commonly referenced in medical literature as a clinical therapeutic agent associated with AIDS. Always consult a qualified physician or pharmacist for clinical evaluation and prescription instructions.
Diabetes ,Insulin,General educational information: Insulin is commonly referenced in medical literature as a clinical therapeutic agent associated with Diabetes . Always consult a qualified physician or pharmacist for clinical evaluation and prescription instructions.
Diabetes ,Metformin,General educational information: Metformin is commonly referenced in medical literature as a clinical therapeutic agent associated with Diabetes . Always consult a qualified physician or pharmacist for clinical evaluation and prescription instructions.
Diabetes ,Sulfonylureas,General educational information: Sulfonylureas is commonly referenced in medical literature as a clinical therapeutic agent associated with Diabetes . Always consult a qualified physician or pharmacist for clinical evaluation and prescription instructions.
Diabetes ,DPP-4 inhibitors,General educational information: DPP-4 inhibitors is commonly referenced in medical literature as a clinical therapeutic agent associated with Diabetes . Always consult a qualified physician or pharmacist for clinical evaluation and prescription instructions.
Diabetes ,GLP-1 receptor agonists,General educational information: GLP-1 receptor agonists is commonly referenced in medical literature as a clinical therapeutic agent associated with Diabetes . Always consult a qualified physician or pharmacist for clinical evaluation and prescription instructions.
Gastroenteritis,Antibiotics,General educational information: Antibiotics is commonly referenced in medical literature as a clinical therapeutic agent associated with Gastroenteritis. Always consult a qualified physician or pharmacist for clinical evaluation and prescription instructions.
Gastroenteritis,Antiemetic drugs,General educational information: Antiemetic drugs is commonly referenced in medical literature as a clinical therapeutic agent associated with Gastroenteritis. Always consult a qualified physician or pharmacist for clinical evaluation and prescription instructions.
Gastroenteritis,Antidiarrheal drugs,General educational information: Antidiarrheal drugs is commonly referenced in medical literature as a clinical therapeutic agent associated with Gastroenteritis. Always consult a qualified physician or pharmacist for clinical evaluation and prescription instructions.
Gastroenteritis,IV fluids,General educational information: IV fluids is commonly referenced in medical literature as a clinical therapeutic agent associated with Gastroenteritis. Always consult a qualified physician or pharmacist for clinical evaluation and prescription instructions.
Gastroenteritis,Probiotics,General educational information: Probiotics is commonly referenced in medical literature as a clinical therapeutic agent associated with Gastroenteritis. Always consult a qualified physician or pharmacist for clinical evaluation and prescription instructions.
Bronchial Asthma,Bronchodilators,General educational information: Bronchodilators is commonly referenced in medical literature as a clinical therapeutic agent associated with Bronchial Asthma. Always consult a qualified physician or pharmacist for clinical evaluation and prescription instructions.
Bronchial Asthma,Inhaled corticosteroids,General educational information: Inhaled corticosteroids is commonly referenced in medical literature as a clinical therapeutic agent associated with Bronchial Asthma. Always consult a qualified physician or pharmacist for clinical evaluation and prescription instructions.
Bronchial Asthma,Leukotriene modifiers,General educational information: Leukotriene modifiers is commonly referenced in medical literature as a clinical therapeutic agent associated with Bronchial Asthma. Always consult a qualified physician or pharmacist for clinical evaluation and prescription instructions.
Bronchial Asthma,Mast cell stabilizers,General educational information: Mast cell stabilizers is commonly referenced in medical literature as a clinical therapeutic agent associated with Bronchial Asthma. Always consult a qualified physician or pharmacist for clinical evaluation and prescription instructions.
Bronchial Asthma,Anticholinergics,General educational information: Anticholinergics is commonly referenced in medical literature as a clinical therapeutic agent associated with Bronchial Asthma. Always consult a qualified physician or pharmacist for clinical evaluation and prescription instructions.
Hypertension ,Antihypertensive medications,General educational information: Antihypertensive medications is commonly referenced in medical literature as a clinical therapeutic agent associated with Hypertension . Always consult a qualified physician or pharmacist for clinical evaluation and prescription instructions.
Hypertension ,Diuretics,General educational information: Diuretics is commonly referenced in medical literature as a clinical therapeutic agent associated with Hypertension . Always consult a qualified physician or pharmacist for clinical evaluation and prescription instructions.
Hypertension ,Beta-blockers,General educational information: Beta-blockers is commonly referenced in medical literature as a clinical therapeutic agent associated with Hypertension . Always consult a qualified physician or pharmacist for clinical evaluation and prescription instructions.
Hypertension ,ACE inhibitors,General educational information: ACE inhibitors is commonly referenced in medical literature as a clinical therapeutic agent associated with Hypertension . Always consult a qualified physician or pharmacist for clinical evaluation and prescription instructions.
Hypertension ,Calcium channel blockers,General educational information: Calcium channel blockers is commonly referenced in medical literature as a clinical therapeutic agent associated with Hypertension . Always consult a qualified physician or pharmacist for clinical evaluation and prescription instructions.
Migraine,Analgesics,General educational information: Analgesics is commonly referenced in medical literature as a clinical therapeutic agent associated with Migraine. Always consult a qualified physician or pharmacist for clinical evaluation and prescription instructions.
Migraine,Triptans,General educational information: Triptans is commonly referenced in medical literature as a clinical therapeutic agent associated with Migraine. Always consult a qualified physician or pharmacist for clinical evaluation and prescription instructions.
Migraine,Ergotamine derivatives,General educational information: Ergotamine derivatives is commonly referenced in medical literature as a clinical therapeutic agent associated with Migraine. Always consult a qualified physician or pharmacist for clinical evaluation and prescription instructions.
Migraine,Preventive medications,General educational information: Preventive medications is commonly referenced in medical literature as a clinical therapeutic agent associated with Migraine. Always consult a qualified physician or pharmacist for clinical evaluation and prescription instructions.
Migraine,Biofeedback,General educational information: Biofeedback is commonly referenced in medical literature as a clinical therapeutic agent associated with Migraine. Always consult a qualified physician or pharmacist for clinical evaluation and prescription instructions.
Cervical spondylosis,Pain relievers,General educational information: Pain relievers is commonly referenced in medical literature as a clinical therapeutic agent associated with Cervical spondylosis. Always consult a qualified physician or pharmacist for clinical evaluation and prescription instructions.
Cervical spondylosis,Muscle relaxants,General educational information: Muscle relaxants is commonly referenced in medical literature as a clinical therapeutic agent associated with Cervical spondylosis. Always consult a qualified physician or pharmacist for clinical evaluation and prescription instructions.
Cervical spondylosis,Physical therapy,General educational information: Physical therapy is commonly referenced in medical literature as a clinical therapeutic agent associated with Cervical spondylosis. Always consult a qualified physician or pharmacist for clinical evaluation and prescription instructions.
Cervical spondylosis,Neck braces,General educational information: Neck braces is commonly referenced in medical literature as a clinical therapeutic agent associated with Cervical spondylosis. Always consult a qualified physician or pharmacist for clinical evaluation and prescription instructions.
Cervical spondylosis,Corticosteroids,General educational information: Corticosteroids is commonly referenced in medical literature as a clinical therapeutic agent associated with Cervical spondylosis. Always consult a qualified physician or pharmacist for clinical evaluation and prescription instructions.
Paralysis (brain hemorrhage),Blood thinners,General educational information: Blood thinners is commonly referenced in medical literature as a clinical therapeutic agent associated with Paralysis (brain hemorrhage). Always consult a qualified physician or pharmacist for clinical evaluation and prescription instructions.
Paralysis (brain hemorrhage),Clot-dissolving medications,General educational information: Clot-dissolving medications is commonly referenced in medical literature as a clinical therapeutic agent associated with Paralysis (brain hemorrhage). Always consult a qualified physician or pharmacist for clinical evaluation and prescription instructions.
Paralysis (brain hemorrhage),Anticonvulsants,General educational information: Anticonvulsants is commonly referenced in medical literature as a clinical therapeutic agent associated with Paralysis (brain hemorrhage). Always consult a qualified physician or pharmacist for clinical evaluation and prescription instructions.
Paralysis (brain hemorrhage),Physical therapy,General educational information: Physical therapy is commonly referenced in medical literature as a clinical therapeutic agent associated with Paralysis (brain hemorrhage). Always consult a qualified physician or pharmacist for clinical evaluation and prescription instructions.
Paralysis (brain hemorrhage),Occupational therapy,General educational information: Occupational therapy is commonly referenced in medical literature as a clinical therapeutic agent associated with Paralysis (brain hemorrhage). Always consult a qualified physician or pharmacist for clinical evaluation and prescription instructions.
Jaundice,IV fluids,General educational information: IV fluids is commonly referenced in medical literature as a clinical therapeutic agent associated with Jaundice. Always consult a qualified physician or pharmacist for clinical evaluation and prescription instructions.
Jaundice,Blood transfusions,General educational information: Blood transfusions is commonly referenced in medical literature as a clinical therapeutic agent associated with Jaundice. Always consult a qualified physician or pharmacist for clinical evaluation and prescription instructions.
Jaundice,Liver transplant,General educational information: Liver transplant is commonly referenced in medical literature as a clinical therapeutic agent associated with Jaundice. Always consult a qualified physician or pharmacist for clinical evaluation and prescription instructions.
Jaundice,Medications for itching,General educational information: Medications for itching is commonly referenced in medical literature as a clinical therapeutic agent associated with Jaundice. Always consult a qualified physician or pharmacist for clinical evaluation and prescription instructions.
Jaundice,Antiviral medications,General educational information: Antiviral medications is commonly referenced in medical literature as a clinical therapeutic agent associated with Jaundice. Always consult a qualified physician or pharmacist for clinical evaluation and prescription instructions.
Malaria,Antimalarial drugs,General educational information: Antimalarial drugs is commonly referenced in medical literature as a clinical therapeutic agent associated with Malaria. Always consult a qualified physician or pharmacist for clinical evaluation and prescription instructions.
Malaria,Antipyretics,General educational information: Antipyretics is commonly referenced in medical literature as a clinical therapeutic agent associated with Malaria. Always consult a qualified physician or pharmacist for clinical evaluation and prescription instructions.
Malaria,Antiemetic drugs,General educational information: Antiemetic drugs is commonly referenced in medical literature as a clinical therapeutic agent associated with Malaria. Always consult a qualified physician or pharmacist for clinical evaluation and prescription instructions.
Malaria,IV fluids,General educational information: IV fluids is commonly referenced in medical literature as a clinical therapeutic agent associated with Malaria. Always consult a qualified physician or pharmacist for clinical evaluation and prescription instructions.
Malaria,Blood transfusions,General educational information: Blood transfusions is commonly referenced in medical literature as a clinical therapeutic agent associated with Malaria. Always consult a qualified physician or pharmacist for clinical evaluation and prescription instructions.
Chicken pox,Antiviral drugs,General educational information: Antiviral drugs is commonly referenced in medical literature as a clinical therapeutic agent associated with Chicken pox. Always consult a qualified physician or pharmacist for clinical evaluation and prescription instructions.
Chicken pox,Pain relievers,General educational information: Pain relievers is commonly referenced in medical literature as a clinical therapeutic agent associated with Chicken pox. Always consult a qualified physician or pharmacist for clinical evaluation and prescription instructions.
Chicken pox,IV fluids,General educational information: IV fluids is commonly referenced in medical literature as a clinical therapeutic agent associated with Chicken pox. Always consult a qualified physician or pharmacist for clinical evaluation and prescription instructions.
Chicken pox,Blood transfusions,General educational information: Blood transfusions is commonly referenced in medical literature as a clinical therapeutic agent associated with Chicken pox. Always consult a qualified physician or pharmacist for clinical evaluation and prescription instructions.
Chicken pox,Platelet transfusions,General educational information: Platelet transfusions is commonly referenced in medical literature as a clinical therapeutic agent associated with Chicken pox. Always consult a qualified physician or pharmacist for clinical evaluation and prescription instructions.
Dengue,Antibiotics,General educational information: Antibiotics is commonly referenced in medical literature as a clinical therapeutic agent associated with Dengue. Always consult a qualified physician or pharmacist for clinical evaluation and prescription instructions.
Dengue,Antipyretics,General educational information: Antipyretics is commonly referenced in medical literature as a clinical therapeutic agent associated with Dengue. Always consult a qualified physician or pharmacist for clinical evaluation and prescription instructions.
Dengue,Analgesics,General educational information: Analgesics is commonly referenced in medical literature as a clinical therapeutic agent associated with Dengue. Always consult a qualified physician or pharmacist for clinical evaluation and prescription instructions.
Dengue,IV fluids,General educational information: IV fluids is commonly referenced in medical literature as a clinical therapeutic agent associated with Dengue. Always consult a qualified physician or pharmacist for clinical evaluation and prescription instructions.
Dengue,Corticosteroids,General educational information: Corticosteroids is commonly referenced in medical literature as a clinical therapeutic agent associated with Dengue. Always consult a qualified physician or pharmacist for clinical evaluation and prescription instructions.
Typhoid,Vaccination,General educational information: Vaccination is commonly referenced in medical literature as a clinical therapeutic agent associated with Typhoid. Always consult a qualified physician or pharmacist for clinical evaluation and prescription instructions.
Typhoid,Antiviral drugs,General educational information: Antiviral drugs is commonly referenced in medical literature as a clinical therapeutic agent associated with Typhoid. Always consult a qualified physician or pharmacist for clinical evaluation and prescription instructions.
Typhoid,IV fluids,General educational information: IV fluids is commonly referenced in medical literature as a clinical therapeutic agent associated with Typhoid. Always consult a qualified physician or pharmacist for clinical evaluation and prescription instructions.
Typhoid,Blood transfusions,General educational information: Blood transfusions is commonly referenced in medical literature as a clinical therapeutic agent associated with Typhoid. Always consult a qualified physician or pharmacist for clinical evaluation and prescription instructions.
Typhoid,Liver transplant,General educational information: Liver transplant is commonly referenced in medical literature as a clinical therapeutic agent associated with Typhoid. Always consult a qualified physician or pharmacist for clinical evaluation and prescription instructions.
hepatitis A,Vaccination,General educational information: Vaccination is commonly referenced in medical literature as a clinical therapeutic agent associated with hepatitis A. Always consult a qualified physician or pharmacist for clinical evaluation and prescription instructions.
hepatitis A,Antiviral drugs,General educational information: Antiviral drugs is commonly referenced in medical literature as a clinical therapeutic agent associated with hepatitis A. Always consult a qualified physician or pharmacist for clinical evaluation and prescription instructions.
hepatitis A,IV fluids,General educational information: IV fluids is commonly referenced in medical literature as a clinical therapeutic agent associated with hepatitis A. Always consult a qualified physician or pharmacist for clinical evaluation and prescription instructions.
hepatitis A,Blood transfusions,General educational information: Blood transfusions is commonly referenced in medical literature as a clinical therapeutic agent associated with hepatitis A. Always consult a qualified physician or pharmacist for clinical evaluation and prescription instructions.
hepatitis A,Liver transplant,General educational information: Liver transplant is commonly referenced in medical literature as a clinical therapeutic agent associated with hepatitis A. Always consult a qualified physician or pharmacist for clinical evaluation and prescription instructions.
Hepatitis B,Antiviral drugs,General educational information: Antiviral drugs is commonly referenced in medical literature as a clinical therapeutic agent associated with Hepatitis B. Always consult a qualified physician or pharmacist for clinical evaluation and prescription instructions.
Hepatitis B,IV fluids,General educational information: IV fluids is commonly referenced in medical literature as a clinical therapeutic agent associated with Hepatitis B. Always consult a qualified physician or pharmacist for clinical evaluation and prescription instructions.
Hepatitis B,Blood transfusions,General educational information: Blood transfusions is commonly referenced in medical literature as a clinical therapeutic agent associated with Hepatitis B. Always consult a qualified physician or pharmacist for clinical evaluation and prescription instructions.
Hepatitis B,Platelet transfusions,General educational information: Platelet transfusions is commonly referenced in medical literature as a clinical therapeutic agent associated with Hepatitis B. Always consult a qualified physician or pharmacist for clinical evaluation and prescription instructions.
Hepatitis B,Liver transplant,General educational information: Liver transplant is commonly referenced in medical literature as a clinical therapeutic agent associated with Hepatitis B. Always consult a qualified physician or pharmacist for clinical evaluation and prescription instructions.
Hepatitis C,Antiviral drugs,General educational information: Antiviral drugs is commonly referenced in medical literature as a clinical therapeutic agent associated with Hepatitis C. Always consult a qualified physician or pharmacist for clinical evaluation and prescription instructions.
Hepatitis C,IV fluids,General educational information: IV fluids is commonly referenced in medical literature as a clinical therapeutic agent associated with Hepatitis C. Always consult a qualified physician or pharmacist for clinical evaluation and prescription instructions.
Hepatitis C,Blood transfusions,General educational information: Blood transfusions is commonly referenced in medical literature as a clinical therapeutic agent associated with Hepatitis C. Always consult a qualified physician or pharmacist for clinical evaluation and prescription instructions.
Hepatitis C,Platelet transfusions,General educational information: Platelet transfusions is commonly referenced in medical literature as a clinical therapeutic agent associated with Hepatitis C. Always consult a qualified physician or pharmacist for clinical evaluation and prescription instructions.
Hepatitis C,Liver transplant,General educational information: Liver transplant is commonly referenced in medical literature as a clinical therapeutic agent associated with Hepatitis C. Always consult a qualified physician or pharmacist for clinical evaluation and prescription instructions.
Hepatitis D,Antiviral drugs,General educational information: Antiviral drugs is commonly referenced in medical literature as a clinical therapeutic agent associated with Hepatitis D. Always consult a qualified physician or pharmacist for clinical evaluation and prescription instructions.
Hepatitis D,IV fluids,General educational information: IV fluids is commonly referenced in medical literature as a clinical therapeutic agent associated with Hepatitis D. Always consult a qualified physician or pharmacist for clinical evaluation and prescription instructions.
Hepatitis D,Blood transfusions,General educational information: Blood transfusions is commonly referenced in medical literature as a clinical therapeutic agent associated with Hepatitis D. Always consult a qualified physician or pharmacist for clinical evaluation and prescription instructions.
Hepatitis D,Platelet transfusions,General educational information: Platelet transfusions is commonly referenced in medical literature as a clinical therapeutic agent associated with Hepatitis D. Always consult a qualified physician or pharmacist for clinical evaluation and prescription instructions.
Hepatitis D,Liver transplant,General educational information: Liver transplant is commonly referenced in medical literature as a clinical therapeutic agent associated with Hepatitis D. Always consult a qualified physician or pharmacist for clinical evaluation and prescription instructions.
Hepatitis E,Alcohol cessation,General educational information: Alcohol cessation is commonly referenced in medical literature as a clinical therapeutic agent associated with Hepatitis E. Always consult a qualified physician or pharmacist for clinical evaluation and prescription instructions.
Hepatitis E,Corticosteroids,General educational information: Corticosteroids is commonly referenced in medical literature as a clinical therapeutic agent associated with Hepatitis E. Always consult a qualified physician or pharmacist for clinical evaluation and prescription instructions.
Hepatitis E,IV fluids,General educational information: IV fluids is commonly referenced in medical literature as a clinical therapeutic agent associated with Hepatitis E. Always consult a qualified physician or pharmacist for clinical evaluation and prescription instructions.
Hepatitis E,Liver transplant,General educational information: Liver transplant is commonly referenced in medical literature as a clinical therapeutic agent associated with Hepatitis E. Always consult a qualified physician or pharmacist for clinical evaluation and prescription instructions.
Hepatitis E,Nutritional support,General educational information: Nutritional support is commonly referenced in medical literature as a clinical therapeutic agent associated with Hepatitis E. Always consult a qualified physician or pharmacist for clinical evaluation and prescription instructions.
Alcoholic hepatitis,Antibiotics,General educational information: Antibiotics is commonly referenced in medical literature as a clinical therapeutic agent associated with Alcoholic hepatitis. Always consult a qualified physician or pharmacist for clinical evaluation and prescription instructions.
Alcoholic hepatitis,Isoniazid,General educational information: Isoniazid is commonly referenced in medical literature as a clinical therapeutic agent associated with Alcoholic hepatitis. Always consult a qualified physician or pharmacist for clinical evaluation and prescription instructions.
Alcoholic hepatitis,Rifampin,General educational information: Rifampin is commonly referenced in medical literature as a clinical therapeutic agent associated with Alcoholic hepatitis. Always consult a qualified physician or pharmacist for clinical evaluation and prescription instructions.
Alcoholic hepatitis,Ethambutol,General educational information: Ethambutol is commonly referenced in medical literature as a clinical therapeutic agent associated with Alcoholic hepatitis. Always consult a qualified physician or pharmacist for clinical evaluation and prescription instructions.
Alcoholic hepatitis,Pyrazinamide,General educational information: Pyrazinamide is commonly referenced in medical literature as a clinical therapeutic agent associated with Alcoholic hepatitis. Always consult a qualified physician or pharmacist for clinical evaluation and prescription instructions.
Tuberculosis,Antipyretics,General educational information: Antipyretics is commonly referenced in medical literature as a clinical therapeutic agent associated with Tuberculosis. Always consult a qualified physician or pharmacist for clinical evaluation and prescription instructions.
Tuberculosis,Decongestants,General educational information: Decongestants is commonly referenced in medical literature as a clinical therapeutic agent associated with Tuberculosis. Always consult a qualified physician or pharmacist for clinical evaluation and prescription instructions.
Tuberculosis,Cough suppressants,General educational information: Cough suppressants is commonly referenced in medical literature as a clinical therapeutic agent associated with Tuberculosis. Always consult a qualified physician or pharmacist for clinical evaluation and prescription instructions.
Tuberculosis,Antihistamines,General educational information: Antihistamines is commonly referenced in medical literature as a clinical therapeutic agent associated with Tuberculosis. Always consult a qualified physician or pharmacist for clinical evaluation and prescription instructions.
Tuberculosis,Pain relievers,General educational information: Pain relievers is commonly referenced in medical literature as a clinical therapeutic agent associated with Tuberculosis. Always consult a qualified physician or pharmacist for clinical evaluation and prescription instructions.
Common Cold,Antibiotics,General educational information: Antibiotics is commonly referenced in medical literature as a clinical therapeutic agent associated with Common Cold. Always consult a qualified physician or pharmacist for clinical evaluation and prescription instructions.
Common Cold,Antiviral drugs,General educational information: Antiviral drugs is commonly referenced in medical literature as a clinical therapeutic agent associated with Common Cold. Always consult a qualified physician or pharmacist for clinical evaluation and prescription instructions.
Common Cold,Antifungal drugs,General educational information: Antifungal drugs is commonly referenced in medical literature as a clinical therapeutic agent associated with Common Cold. Always consult a qualified physician or pharmacist for clinical evaluation and prescription instructions.
Common Cold,IV fluids,General educational information: IV fluids is commonly referenced in medical literature as a clinical therapeutic agent associated with Common Cold. Always consult a qualified physician or pharmacist for clinical evaluation and prescription instructions.
Common Cold,Oxygen therapy,General educational information: Oxygen therapy is commonly referenced in medical literature as a clinical therapeutic agent associated with Common Cold. Always consult a qualified physician or pharmacist for clinical evaluation and prescription instructions.
Pneumonia,Laxatives,General educational information: Laxatives is commonly referenced in medical literature as a clinical therapeutic agent associated with Pneumonia. Always consult a qualified physician or pharmacist for clinical evaluation and prescription instructions.
Pneumonia,Pain relievers,General educational information: Pain relievers is commonly referenced in medical literature as a clinical therapeutic agent associated with Pneumonia. Always consult a qualified physician or pharmacist for clinical evaluation and prescription instructions.
Pneumonia,Warm baths,General educational information: Warm baths is commonly referenced in medical literature as a clinical therapeutic agent associated with Pneumonia. Always consult a qualified physician or pharmacist for clinical evaluation and prescription instructions.
Pneumonia,Cold compresses,General educational information: Cold compresses is commonly referenced in medical literature as a clinical therapeutic agent associated with Pneumonia. Always consult a qualified physician or pharmacist for clinical evaluation and prescription instructions.
Pneumonia,High-fiber diet,General educational information: High-fiber diet is commonly referenced in medical literature as a clinical therapeutic agent associated with Pneumonia. Always consult a qualified physician or pharmacist for clinical evaluation and prescription instructions.
Dimorphic hemmorhoids(piles),Nitroglycerin,General educational information: Nitroglycerin is commonly referenced in medical literature as a clinical therapeutic agent associated with Dimorphic hemmorhoids(piles). Always consult a qualified physician or pharmacist for clinical evaluation and prescription instructions.
Dimorphic hemmorhoids(piles),Aspirin,General educational information: Aspirin is commonly referenced in medical literature as a clinical therapeutic agent associated with Dimorphic hemmorhoids(piles). Always consult a qualified physician or pharmacist for clinical evaluation and prescription instructions.
Dimorphic hemmorhoids(piles),Beta-blockers,General educational information: Beta-blockers is commonly referenced in medical literature as a clinical therapeutic agent associated with Dimorphic hemmorhoids(piles). Always consult a qualified physician or pharmacist for clinical evaluation and prescription instructions.
Dimorphic hemmorhoids(piles),Calcium channel blockers,General educational information: Calcium channel blockers is commonly referenced in medical literature as a clinical therapeutic agent associated with Dimorphic hemmorhoids(piles). Always consult a qualified physician or pharmacist for clinical evaluation and prescription instructions.
Dimorphic hemmorhoids(piles),Thrombolytic drugs,General educational information: Thrombolytic drugs is commonly referenced in medical literature as a clinical therapeutic agent associated with Dimorphic hemmorhoids(piles). Always consult a qualified physician or pharmacist for clinical evaluation and prescription instructions.
Heart attack,Compression stockings,General educational information: Compression stockings is commonly referenced in medical literature as a clinical therapeutic agent associated with Heart attack. Always consult a qualified physician or pharmacist for clinical evaluation and prescription instructions.
Heart attack,Exercise,General educational information: Exercise is commonly referenced in medical literature as a clinical therapeutic agent associated with Heart attack. Always consult a qualified physician or pharmacist for clinical evaluation and prescription instructions.
Heart attack,Elevating the legs,General educational information: Elevating the legs is commonly referenced in medical literature as a clinical therapeutic agent associated with Heart attack. Always consult a qualified physician or pharmacist for clinical evaluation and prescription instructions.
Heart attack,Sclerotherapy,General educational information: Sclerotherapy is commonly referenced in medical literature as a clinical therapeutic agent associated with Heart attack. Always consult a qualified physician or pharmacist for clinical evaluation and prescription instructions.
Heart attack,Laser treatments,General educational information: Laser treatments is commonly referenced in medical literature as a clinical therapeutic agent associated with Heart attack. Always consult a qualified physician or pharmacist for clinical evaluation and prescription instructions.
Varicose veins,Levothyroxine,General educational information: Levothyroxine is commonly referenced in medical literature as a clinical therapeutic agent associated with Varicose veins. Always consult a qualified physician or pharmacist for clinical evaluation and prescription instructions.
Varicose veins,Antithyroid medications,General educational information: Antithyroid medications is commonly referenced in medical literature as a clinical therapeutic agent associated with Varicose veins. Always consult a qualified physician or pharmacist for clinical evaluation and prescription instructions.
Varicose veins,Beta-blockers,General educational information: Beta-blockers is commonly referenced in medical literature as a clinical therapeutic agent associated with Varicose veins. Always consult a qualified physician or pharmacist for clinical evaluation and prescription instructions.
Varicose veins,Radioactive iodine,General educational information: Radioactive iodine is commonly referenced in medical literature as a clinical therapeutic agent associated with Varicose veins. Always consult a qualified physician or pharmacist for clinical evaluation and prescription instructions.
Varicose veins,Thyroid surgery,General educational information: Thyroid surgery is commonly referenced in medical literature as a clinical therapeutic agent associated with Varicose veins. Always consult a qualified physician or pharmacist for clinical evaluation and prescription instructions.
Hypothyroidism,Antithyroid medications,General educational information: Antithyroid medications is commonly referenced in medical literature as a clinical therapeutic agent associated with Hypothyroidism. Always consult a qualified physician or pharmacist for clinical evaluation and prescription instructions.
Hypothyroidism,Radioactive iodine,General educational information: Radioactive iodine is commonly referenced in medical literature as a clinical therapeutic agent associated with Hypothyroidism. Always consult a qualified physician or pharmacist for clinical evaluation and prescription instructions.
Hypothyroidism,Thyroid surgery,General educational information: Thyroid surgery is commonly referenced in medical literature as a clinical therapeutic agent associated with Hypothyroidism. Always consult a qualified physician or pharmacist for clinical evaluation and prescription instructions.
Hypothyroidism,Beta-blockers,General educational information: Beta-blockers is commonly referenced in medical literature as a clinical therapeutic agent associated with Hypothyroidism. Always consult a qualified physician or pharmacist for clinical evaluation and prescription instructions.
Hypothyroidism,Corticosteroids,General educational information: Corticosteroids is commonly referenced in medical literature as a clinical therapeutic agent associated with Hypothyroidism. Always consult a qualified physician or pharmacist for clinical evaluation and prescription instructions.
Hyperthyroidism,Glucose tablets,General educational information: Glucose tablets is commonly referenced in medical literature as a clinical therapeutic agent associated with Hyperthyroidism. Always consult a qualified physician or pharmacist for clinical evaluation and prescription instructions.
Hyperthyroidism,Candy or juice,General educational information: Candy or juice is commonly referenced in medical literature as a clinical therapeutic agent associated with Hyperthyroidism. Always consult a qualified physician or pharmacist for clinical evaluation and prescription instructions.
Hyperthyroidism,Glucagon injection,General educational information: Glucagon injection is commonly referenced in medical literature as a clinical therapeutic agent associated with Hyperthyroidism. Always consult a qualified physician or pharmacist for clinical evaluation and prescription instructions.
Hyperthyroidism,IV dextrose,General educational information: IV dextrose is commonly referenced in medical literature as a clinical therapeutic agent associated with Hyperthyroidism. Always consult a qualified physician or pharmacist for clinical evaluation and prescription instructions.
Hyperthyroidism,Diazoxide,General educational information: Diazoxide is commonly referenced in medical literature as a clinical therapeutic agent associated with Hyperthyroidism. Always consult a qualified physician or pharmacist for clinical evaluation and prescription instructions.
Hypoglycemia,Pain relievers,General educational information: Pain relievers is commonly referenced in medical literature as a clinical therapeutic agent associated with Hypoglycemia. Always consult a qualified physician or pharmacist for clinical evaluation and prescription instructions.
Hypoglycemia,Exercise,General educational information: Exercise is commonly referenced in medical literature as a clinical therapeutic agent associated with Hypoglycemia. Always consult a qualified physician or pharmacist for clinical evaluation and prescription instructions.
Hypoglycemia,Hot and cold packs,General educational information: Hot and cold packs is commonly referenced in medical literature as a clinical therapeutic agent associated with Hypoglycemia. Always consult a qualified physician or pharmacist for clinical evaluation and prescription instructions.
Hypoglycemia,Joint protection,General educational information: Joint protection is commonly referenced in medical literature as a clinical therapeutic agent associated with Hypoglycemia. Always consult a qualified physician or pharmacist for clinical evaluation and prescription instructions.
Hypoglycemia,Physical therapy,General educational information: Physical therapy is commonly referenced in medical literature as a clinical therapeutic agent associated with Hypoglycemia. Always consult a qualified physician or pharmacist for clinical evaluation and prescription instructions.
Osteoarthristis,NSAIDs,General educational information: NSAIDs is commonly referenced in medical literature as a clinical therapeutic agent associated with Osteoarthristis. Always consult a qualified physician or pharmacist for clinical evaluation and prescription instructions.
Osteoarthristis,Disease-modifying antirheumatic drugs (DMARDs),General educational information: Disease-modifying antirheumatic drugs (DMARDs) is commonly referenced in medical literature as a clinical therapeutic agent associated with Osteoarthristis. Always consult a qualified physician or pharmacist for clinical evaluation and prescription instructions.
Osteoarthristis,Biologics,General educational information: Biologics is commonly referenced in medical literature as a clinical therapeutic agent associated with Osteoarthristis. Always consult a qualified physician or pharmacist for clinical evaluation and prescription instructions.
Osteoarthristis,Corticosteroids,General educational information: Corticosteroids is commonly referenced in medical literature as a clinical therapeutic agent associated with Osteoarthristis. Always consult a qualified physician or pharmacist for clinical evaluation and prescription instructions.
Osteoarthristis,Joint replacement surgery,General educational information: Joint replacement surgery is commonly referenced in medical literature as a clinical therapeutic agent associated with Osteoarthristis. Always consult a qualified physician or pharmacist for clinical evaluation and prescription instructions.
Arthritis,Vestibular rehabilitation,General educational information: Vestibular rehabilitation is commonly referenced in medical literature as a clinical therapeutic agent associated with Arthritis. Always consult a qualified physician or pharmacist for clinical evaluation and prescription instructions.
Arthritis,Canalith repositioning,General educational information: Canalith repositioning is commonly referenced in medical literature as a clinical therapeutic agent associated with Arthritis. Always consult a qualified physician or pharmacist for clinical evaluation and prescription instructions.
Arthritis,Medications for nausea,General educational information: Medications for nausea is commonly referenced in medical literature as a clinical therapeutic agent associated with Arthritis. Always consult a qualified physician or pharmacist for clinical evaluation and prescription instructions.
Arthritis,Surgery,General educational information: Surgery is commonly referenced in medical literature as a clinical therapeutic agent associated with Arthritis. Always consult a qualified physician or pharmacist for clinical evaluation and prescription instructions.
Arthritis,Home exercises,General educational information: Home exercises is commonly referenced in medical literature as a clinical therapeutic agent associated with Arthritis. Always consult a qualified physician or pharmacist for clinical evaluation and prescription instructions.
(vertigo) Paroymsal  Positional Vertigo,Topical treatments,General educational information: Topical treatments is commonly referenced in medical literature as a clinical therapeutic agent associated with (vertigo) Paroymsal  Positional Vertigo. Always consult a qualified physician or pharmacist for clinical evaluation and prescription instructions.
(vertigo) Paroymsal  Positional Vertigo,Antibiotics,General educational information: Antibiotics is commonly referenced in medical literature as a clinical therapeutic agent associated with (vertigo) Paroymsal  Positional Vertigo. Always consult a qualified physician or pharmacist for clinical evaluation and prescription instructions.
(vertigo) Paroymsal  Positional Vertigo,Oral medications,General educational information: Oral medications is commonly referenced in medical literature as a clinical therapeutic agent associated with (vertigo) Paroymsal  Positional Vertigo. Always consult a qualified physician or pharmacist for clinical evaluation and prescription instructions.
(vertigo) Paroymsal  Positional Vertigo,Hormonal treatments,General educational information: Hormonal treatments is commonly referenced in medical literature as a clinical therapeutic agent associated with (vertigo) Paroymsal  Positional Vertigo. Always consult a qualified physician or pharmacist for clinical evaluation and prescription instructions.
(vertigo) Paroymsal  Positional Vertigo,Isotretinoin,General educational information: Isotretinoin is commonly referenced in medical literature as a clinical therapeutic agent associated with (vertigo) Paroymsal  Positional Vertigo. Always consult a qualified physician or pharmacist for clinical evaluation and prescription instructions.
Acne,Antibiotics,General educational information: Antibiotics is commonly referenced in medical literature as a clinical therapeutic agent associated with Acne. Always consult a qualified physician or pharmacist for clinical evaluation and prescription instructions.
Acne,Pain relievers,General educational information: Pain relievers is commonly referenced in medical literature as a clinical therapeutic agent associated with Acne. Always consult a qualified physician or pharmacist for clinical evaluation and prescription instructions.
Acne,Antihistamines,General educational information: Antihistamines is commonly referenced in medical literature as a clinical therapeutic agent associated with Acne. Always consult a qualified physician or pharmacist for clinical evaluation and prescription instructions.
Acne,Corticosteroids,General educational information: Corticosteroids is commonly referenced in medical literature as a clinical therapeutic agent associated with Acne. Always consult a qualified physician or pharmacist for clinical evaluation and prescription instructions.
Acne,Topical treatments,General educational information: Topical treatments is commonly referenced in medical literature as a clinical therapeutic agent associated with Acne. Always consult a qualified physician or pharmacist for clinical evaluation and prescription instructions.
Urinary tract infection,Antibiotics,General educational information: Antibiotics is commonly referenced in medical literature as a clinical therapeutic agent associated with Urinary tract infection. Always consult a qualified physician or pharmacist for clinical evaluation and prescription instructions.
Urinary tract infection,Urinary analgesics,General educational information: Urinary analgesics is commonly referenced in medical literature as a clinical therapeutic agent associated with Urinary tract infection. Always consult a qualified physician or pharmacist for clinical evaluation and prescription instructions.
Urinary tract infection,Phenazopyridine,General educational information: Phenazopyridine is commonly referenced in medical literature as a clinical therapeutic agent associated with Urinary tract infection. Always consult a qualified physician or pharmacist for clinical evaluation and prescription instructions.
Urinary tract infection,Antispasmodics,General educational information: Antispasmodics is commonly referenced in medical literature as a clinical therapeutic agent associated with Urinary tract infection. Always consult a qualified physician or pharmacist for clinical evaluation and prescription instructions.
Urinary tract infection,Probiotics,General educational information: Probiotics is commonly referenced in medical literature as a clinical therapeutic agent associated with Urinary tract infection. Always consult a qualified physician or pharmacist for clinical evaluation and prescription instructions.
Psoriasis,Topical treatments,General educational information: Topical treatments is commonly referenced in medical literature as a clinical therapeutic agent associated with Psoriasis. Always consult a qualified physician or pharmacist for clinical evaluation and prescription instructions.
Psoriasis,Phototherapy,General educational information: Phototherapy is commonly referenced in medical literature as a clinical therapeutic agent associated with Psoriasis. Always consult a qualified physician or pharmacist for clinical evaluation and prescription instructions.
Psoriasis,Systemic medications,General educational information: Systemic medications is commonly referenced in medical literature as a clinical therapeutic agent associated with Psoriasis. Always consult a qualified physician or pharmacist for clinical evaluation and prescription instructions.
Psoriasis,Biologics,General educational information: Biologics is commonly referenced in medical literature as a clinical therapeutic agent associated with Psoriasis. Always consult a qualified physician or pharmacist for clinical evaluation and prescription instructions.
Psoriasis,Coal tar,General educational information: Coal tar is commonly referenced in medical literature as a clinical therapeutic agent associated with Psoriasis. Always consult a qualified physician or pharmacist for clinical evaluation and prescription instructions.
Impetigo,Topical antibiotics,General educational information: Topical antibiotics is commonly referenced in medical literature as a clinical therapeutic agent associated with Impetigo. Always consult a qualified physician or pharmacist for clinical evaluation and prescription instructions.
Impetigo,Oral antibiotics,General educational information: Oral antibiotics is commonly referenced in medical literature as a clinical therapeutic agent associated with Impetigo. Always consult a qualified physician or pharmacist for clinical evaluation and prescription instructions.
Impetigo,Antiseptics,General educational information: Antiseptics is commonly referenced in medical literature as a clinical therapeutic agent associated with Impetigo. Always consult a qualified physician or pharmacist for clinical evaluation and prescription instructions.
Impetigo,Ointments,General educational information: Ointments is commonly referenced in medical literature as a clinical therapeutic agent associated with Impetigo. Always consult a qualified physician or pharmacist for clinical evaluation and prescription instructions.
Impetigo,Warm compresses,General educational information: Warm compresses is commonly referenced in medical literature as a clinical therapeutic agent associated with Impetigo. Always consult a qualified physician or pharmacist for clinical evaluation and prescription instructions.
